	Name	UniProtID	EnsemblID	Species	AA	Type	Substrate	Histone	Mark position	Flanking sequence	SMILES
0	AIRE;APECED	O43918;AIRE_HUMAN;B2RP50;O43922;O43932;O75745	ENSP00000291582.5	Homo sapiens	K	ME_READER	H3K4me0	H3	4	ARTKQTA	CNCCCC[C@@H](C(=O)O)N
1	AIRE;APECED	O43918;AIRE_HUMAN;B2RP50;O43922;O43932;O75745	ENSP00000291582.5	Homo sapiens	K	ME_READER	H3K4me3	H3	4	ARTKQTA	CNCCCC[C@@H](C(=O)O)N
2	ASH1L;KMT2H;KIAA1420;ASH1;ASH1L1	Q9NR48;ASH1L_HUMAN;Q59GP1;Q5T714;Q5T715;Q9P2C7	ENSP00000357330.3	Homo sapiens	K	AC_READER	H3K14	H3	14	TGGKAPR	CC(=O)NCCCC[C@@H](C(=O)O)N
3	ASH1L;KMT2H;KIAA1420;ASH1;ASH1L1	Q9NR48;ASH1L_HUMAN;Q59GP1;Q5T714;Q5T715;Q9P2C7	ENSP00000357330.3	Homo sapiens	K	ME_READER	H3K36me1	H3	36	GGVKKPH	CNCCCC[C@@H](C(=O)O)N
4	ASH1L;KMT2H;KIAA1420;ASH1;ASH1L1	Q9NR48;ASH1L_HUMAN;Q59GP1;Q5T714;Q5T715;Q9P2C7	ENSP00000357330.3	Homo sapiens	K	ME_READER	H3K36me2	H3	36	GGVKKPH	CNCCCC[C@@H](C(=O)O)N
5	ASH1L;KMT2H;KIAA1420;ASH1;ASH1L1	Q9NR48;ASH1L_HUMAN;Q59GP1;Q5T714;Q5T715;Q9P2C7	ENSP00000357330.3	Homo sapiens	K	ME_READER	H3K36me3	H3	36	GGVKKPH	CNCCCC[C@@H](C(=O)O)N
6	ATAD2;ANCCA;L16;PRO2000	Q6PL18;ATAD2_HUMAN;Q14CR1;Q658P2;Q68CQ0;Q6PJV6;Q8N890;Q9UHS5	ENSP00000287394.5	Homo sapiens	K	AC_READER	H3K14	H3	14	TGGKAPR	CC(=O)NCCCC[C@@H](C(=O)O)N
7	ATAD2;ANCCA;L16;PRO2000	Q6PL18;ATAD2_HUMAN;Q14CR1;Q658P2;Q68CQ0;Q6PJV6;Q8N890;Q9UHS5	ENSP00000287394.5	Homo sapiens	K	AC_READER	H4K12	H4	12	GLGKGGA	CC(=O)NCCCC[C@@H](C(=O)O)N
8	ATAD2;ANCCA;L16;PRO2000	Q6PL18;ATAD2_HUMAN;Q14CR1;Q658P2;Q68CQ0;Q6PJV6;Q8N890;Q9UHS5	ENSP00000287394.5	Homo sapiens	K	AC_READER	H4K5	H4	5	GRGKGGK	CC(=O)NCCCC[C@@H](C(=O)O)N
9	ATAD2B;KIAA1240	Q9ULI0;ATD2B_HUMAN;B9ZVQ5;Q6ZNA6;Q8N9E7	ENSP00000238789.5	Homo sapiens	K	AC_READER	H4K12	H4	12	GLGKGGA	CC(=O)NCCCC[C@@H](C(=O)O)N
10	ATAD2B;KIAA1240	Q9ULI0;ATD2B_HUMAN;B9ZVQ5;Q6ZNA6;Q8N9E7	ENSP00000238789.5	Homo sapiens	K	AC_READER	H4K5	H4	5	GRGKGGK	CC(=O)NCCCC[C@@H](C(=O)O)N
11	ATRX;RAD54L;XH2	P46100;ATRX_HUMAN;D3DTE2;P51068;Q15886;Q59FB5;Q59H31;Q5H9A2;Q5JWI4;Q7Z2J1;Q9H0Z1;Q9NTS3	ENSP00000362441.4	Homo sapiens	K	ME_READER	H3K9me3	H3	9	TARKSTG	CNCCCC[C@@H](C(=O)O)N
12	BAZ2A;KIAA0314;TIP5;WALp3	Q9UIF9;BAZ2A_HUMAN;B3KN66;O00536;O15030;Q68DI8;Q96H26	ENSP00000446880.1	Homo sapiens	K	ME_READER	H3K4me0	H3	4	ARTKQTA	CNCCCC[C@@H](C(=O)O)N
13	BAZ2B;KIAA1476;WALp4	Q9UIF8;BAZ2B_HUMAN;D3DPA8;Q96EA1;Q96SQ8;Q9P252;Q9Y4N8	ENSP00000376534.2	Homo sapiens	K	AC_READER	H3K14	H3	14	TGGKAPR	CC(=O)NCCCC[C@@H](C(=O)O)N
14	BPTF;FAC1;FALZ	Q12830;BPTF_HUMAN;Q6NX67;Q7Z7D6;Q9UIG2	ENSP00000315454.4	Homo sapiens	K	ME_READER	H3K4me3	H3	4	ARTKQTA	CNCCCC[C@@H](C(=O)O)N
15	BPTF;FAC1;FALZ	Q12830;BPTF_HUMAN;Q6NX67;Q7Z7D6;Q9UIG2	ENSP00000315454.4	Homo sapiens	K	AC_READER	H4K16	H4	16	GGAKRHR	CC(=O)NCCCC[C@@H](C(=O)O)N
16	BPTF;FAC1;FALZ	Q12830;BPTF_HUMAN;Q6NX67;Q7Z7D6;Q9UIG2	ENSP00000315454.4	Homo sapiens	K	AC_READER	H4K5	H4	5	GRGKGGK	CC(=O)NCCCC[C@@H](C(=O)O)N
17	BRD1;BRL;BRPF2	O95696;BRD1_HUMAN;A6ZJA4	ENSP00000384076.1	Homo sapiens	K	AC_READER	H3K14	H3	14	TGGKAPR	CC(=O)NCCCC[C@@H](C(=O)O)N
18	BRD2;FSH;RING3;KIAA9001	P25440;BRD2_HUMAN;A2AAU0;B0S7P0;B1AZT1;O00699;O00700;Q15310;Q5STC9;Q63HQ9;Q658Y7;Q6P3U2;Q969U4	ENSP00000363964.4	Homo sapiens	K	AC_READER	H1K74	H1	74	DVEKNNS	CC(=O)NCCCC[C@@H](C(=O)O)N
19	BRD2;FSH;RING3;KIAA9001	P25440;BRD2_HUMAN;A2AAU0;B0S7P0;B1AZT1;O00699;O00700;Q15310;Q5STC9;Q63HQ9;Q658Y7;Q6P3U2;Q969U4	ENSP00000363964.4	Homo sapiens	K	AC_READER	H2BK12	H2B	12	APKKGSK	CC(=O)NCCCC[C@@H](C(=O)O)N
20	BRD2;FSH;RING3;KIAA9001	P25440;BRD2_HUMAN;A2AAU0;B0S7P0;B1AZT1;O00699;O00700;Q15310;Q5STC9;Q63HQ9;Q658Y7;Q6P3U2;Q969U4	ENSP00000363964.4	Homo sapiens	K	AC_READER	H2BK5	H2B	5	EPAKSAP	CC(=O)NCCCC[C@@H](C(=O)O)N
21	BRD2;FSH;RING3;KIAA9001	P25440;BRD2_HUMAN;A2AAU0;B0S7P0;B1AZT1;O00699;O00700;Q15310;Q5STC9;Q63HQ9;Q658Y7;Q6P3U2;Q969U4	ENSP00000363964.4	Homo sapiens	K	AC_READER	H4K12	H4	12	GLGKGGA	CC(=O)NCCCC[C@@H](C(=O)O)N
22	BRD2;FSH;RING3;KIAA9001	P25440;BRD2_HUMAN;A2AAU0;B0S7P0;B1AZT1;O00699;O00700;Q15310;Q5STC9;Q63HQ9;Q658Y7;Q6P3U2;Q969U4	ENSP00000363964.4	Homo sapiens	K	AC_READER	H4K5	H4	5	GRGKGGK	CC(=O)NCCCC[C@@H](C(=O)O)N
23	BRD2;FSH;RING3;KIAA9001	P25440;BRD2_HUMAN;A2AAU0;B0S7P0;B1AZT1;O00699;O00700;Q15310;Q5STC9;Q63HQ9;Q658Y7;Q6P3U2;Q969U4	ENSP00000363964.4	Homo sapiens	K	AC_READER	H4K8	H4	8	KGGKGLG	CC(=O)NCCCC[C@@H](C(=O)O)N
24	BRD3;ORFX;RING3L;KIAA0043	Q15059;BRD3_HUMAN;B1APD9;Q4G5Y3;Q5T1R7;Q8N5M3;Q92645	ENSP00000305918.6	Homo sapiens	K	AC_READER	H2AK36	H2A	36	LLRKGNY	CC(=O)NCCCC[C@@H](C(=O)O)N
25	BRD3;ORFX;RING3L;KIAA0043	Q15059;BRD3_HUMAN;B1APD9;Q4G5Y3;Q5T1R7;Q8N5M3;Q92645	ENSP00000305918.6	Homo sapiens	K	AC_READER	H2AK5	H2A	5	GRGKQGG	CC(=O)NCCCC[C@@H](C(=O)O)N
26	BRD3;ORFX;RING3L;KIAA0043	Q15059;BRD3_HUMAN;B1APD9;Q4G5Y3;Q5T1R7;Q8N5M3;Q92645	ENSP00000305918.6	Homo sapiens	K	AC_READER	H2AK75	H2A	75	DNKKTRI	CC(=O)NCCCC[C@@H](C(=O)O)N
27	BRD3;ORFX;RING3L;KIAA0043	Q15059;BRD3_HUMAN;B1APD9;Q4G5Y3;Q5T1R7;Q8N5M3;Q92645	ENSP00000305918.6	Homo sapiens	K	AC_READER	H2BK43	H2B	43	YVYKVLK	CC(=O)NCCCC[C@@H](C(=O)O)N
28	BRD3;ORFX;RING3L;KIAA0043	Q15059;BRD3_HUMAN;B1APD9;Q4G5Y3;Q5T1R7;Q8N5M3;Q92645	ENSP00000305918.6	Homo sapiens	K	AC_READER	H3K18	H3	18	APRKQLA	CC(=O)NCCCC[C@@H](C(=O)O)N
29	BRD3;ORFX;RING3L;KIAA0043	Q15059;BRD3_HUMAN;B1APD9;Q4G5Y3;Q5T1R7;Q8N5M3;Q92645	ENSP00000305918.6	Homo sapiens	K	AC_READER	H3K36	H3	36	GGVKKPH	CC(=O)NCCCC[C@@H](C(=O)O)N
30	BRD3;ORFX;RING3L;KIAA0043	Q15059;BRD3_HUMAN;B1APD9;Q4G5Y3;Q5T1R7;Q8N5M3;Q92645	ENSP00000305918.6	Homo sapiens	K	AC_READER	H3K37	H3	37	GVKKPHR	CC(=O)NCCCC[C@@H](C(=O)O)N
31	BRD3;ORFX;RING3L;KIAA0043	Q15059;BRD3_HUMAN;B1APD9;Q4G5Y3;Q5T1R7;Q8N5M3;Q92645	ENSP00000305918.6	Homo sapiens	K	AC_READER	H3K56	H3	56	RYQKSTE	CC(=O)NCCCC[C@@H](C(=O)O)N
32	BRD3;ORFX;RING3L;KIAA0043	Q15059;BRD3_HUMAN;B1APD9;Q4G5Y3;Q5T1R7;Q8N5M3;Q92645	ENSP00000305918.6	Homo sapiens	K	AC_READER	H4K20	H4	20	RHRKVLR	CC(=O)NCCCC[C@@H](C(=O)O)N
33	BRD3;ORFX;RING3L;KIAA0043	Q15059;BRD3_HUMAN;B1APD9;Q4G5Y3;Q5T1R7;Q8N5M3;Q92645	ENSP00000305918.6	Homo sapiens	K	AC_READER	H4K44	H4	44	GGVKRIS	CC(=O)NCCCC[C@@H](C(=O)O)N
34	BRD3;ORFX;RING3L;KIAA0043	Q15059;BRD3_HUMAN;B1APD9;Q4G5Y3;Q5T1R7;Q8N5M3;Q92645	ENSP00000305918.6	Homo sapiens	K	AC_READER	H4K5	H4	5	GRGKGGK	CC(=O)NCCCC[C@@H](C(=O)O)N
35	BRD4;CAP;MCAP;HUNK1	O60885;BRD4_HUMAN;O60433;Q4G0X8;Q86YS8;Q96PD3	ENSP00000263377.1	Homo sapiens	K	AC_READER	H3K14	H3	14	TGGKAPR	CC(=O)NCCCC[C@@H](C(=O)O)N
36	BRD4;CAP;MCAP;HUNK1	O60885;BRD4_HUMAN;O60433;Q4G0X8;Q86YS8;Q96PD3	ENSP00000263377.1	Homo sapiens	K	AC_READER	H3K9	H3	9	TARKSTG	CC(=O)NCCCC[C@@H](C(=O)O)N
37	BRD4;CAP;MCAP;HUNK1	O60885;BRD4_HUMAN;O60433;Q4G0X8;Q86YS8;Q96PD3	ENSP00000263377.1	Homo sapiens	K	AC_READER	H4K12	H4	12	GLGKGGA	CC(=O)NCCCC[C@@H](C(=O)O)N
38	BRD4;CAP;MCAP;HUNK1	O60885;BRD4_HUMAN;O60433;Q4G0X8;Q86YS8;Q96PD3	ENSP00000263377.1	Homo sapiens	K	AC_READER	H4K16	H4	16	GGAKRHR	CC(=O)NCCCC[C@@H](C(=O)O)N
39	BRD4;CAP;MCAP;HUNK1	O60885;BRD4_HUMAN;O60433;Q4G0X8;Q86YS8;Q96PD3	ENSP00000263377.1	Homo sapiens	K	AC_READER	H4K20	H4	20	RHRKVLR	CC(=O)NCCCC[C@@H](C(=O)O)N
40	BRD4;CAP;MCAP;HUNK1	O60885;BRD4_HUMAN;O60433;Q4G0X8;Q86YS8;Q96PD3	ENSP00000263377.1	Homo sapiens	K	AC_READER	H4K5	H4	5	GRGKGGK	CC(=O)NCCCC[C@@H](C(=O)O)N
41	BRD4;CAP;MCAP;HUNK1	O60885;BRD4_HUMAN;O60433;Q4G0X8;Q86YS8;Q96PD3	ENSP00000263377.1	Homo sapiens	K	AC_READER	H4K8	H4	8	KGGKGLG	CC(=O)NCCCC[C@@H](C(=O)O)N
42	BRD7;BP75;NAG4;CELTIX1	Q9NPI1;BRD7_HUMAN;Q4VC09;Q8N2L9;Q96KA4;Q9BV48;Q9UH59	ENSP00000378180.3	Homo sapiens	K	AC_READER	H3K14	H3	14	TGGKAPR	CC(=O)NCCCC[C@@H](C(=O)O)N
43	BRD7;BP75;NAG4;CELTIX1	Q9NPI1;BRD7_HUMAN;Q4VC09;Q8N2L9;Q96KA4;Q9BV48;Q9UH59	ENSP00000378180.3	Homo sapiens	K	AC_READER	H3K9	H3	9	TARKSTG	CC(=O)NCCCC[C@@H](C(=O)O)N
44	BRD7;BP75;NAG4;CELTIX1	Q9NPI1;BRD7_HUMAN;Q4VC09;Q8N2L9;Q96KA4;Q9BV48;Q9UH59	ENSP00000378180.3	Homo sapiens	K	AC_READER	H4K12	H4	12	GLGKGGA	CC(=O)NCCCC[C@@H](C(=O)O)N
45	BRD7;BP75;NAG4;CELTIX1	Q9NPI1;BRD7_HUMAN;Q4VC09;Q8N2L9;Q96KA4;Q9BV48;Q9UH59	ENSP00000378180.3	Homo sapiens	K	AC_READER	H4K16	H4	16	GGAKRHR	CC(=O)NCCCC[C@@H](C(=O)O)N
46	BRD7;BP75;NAG4;CELTIX1	Q9NPI1;BRD7_HUMAN;Q4VC09;Q8N2L9;Q96KA4;Q9BV48;Q9UH59	ENSP00000378180.3	Homo sapiens	K	AC_READER	H4K8	H4	8	KGGKGLG	CC(=O)NCCCC[C@@H](C(=O)O)N
47	BRDT;BRD6	Q58F21;BRDT_HUMAN;A6NF68;B7Z811;B7Z890;B7ZAX7;D3DT32;O14789;Q05DQ4;Q6P5T1;Q7Z4A6;Q8IWI6	ENSP00000384051.1	Homo sapiens	K	AC_READER	H2BK12	H2B	12	APKKGSK	CC(=O)NCCCC[C@@H](C(=O)O)N
48	BRDT;BRD6	Q58F21;BRDT_HUMAN;A6NF68;B7Z811;B7Z890;B7ZAX7;D3DT32;O14789;Q05DQ4;Q6P5T1;Q7Z4A6;Q8IWI6	ENSP00000384051.1	Homo sapiens	K	AC_READER	H2BK15	H2B	15	KGSKKAV	CC(=O)NCCCC[C@@H](C(=O)O)N
49	BRDT;BRD6	Q58F21;BRDT_HUMAN;A6NF68;B7Z811;B7Z890;B7ZAX7;D3DT32;O14789;Q05DQ4;Q6P5T1;Q7Z4A6;Q8IWI6	ENSP00000384051.1	Homo sapiens	K	AC_READER	H3K14	H3	14	TGGKAPR	CC(=O)NCCCC[C@@H](C(=O)O)N
50	BRDT;BRD6	Q58F21;BRDT_HUMAN;A6NF68;B7Z811;B7Z890;B7ZAX7;D3DT32;O14789;Q05DQ4;Q6P5T1;Q7Z4A6;Q8IWI6	ENSP00000384051.1	Homo sapiens	K	AC_READER	H3K18	H3	18	APRKQLA	CC(=O)NCCCC[C@@H](C(=O)O)N
51	BRDT;BRD6	Q58F21;BRDT_HUMAN;A6NF68;B7Z811;B7Z890;B7ZAX7;D3DT32;O14789;Q05DQ4;Q6P5T1;Q7Z4A6;Q8IWI6	ENSP00000384051.1	Homo sapiens	K	AC_READER	H3K23	H3	23	LATKAAR	CC(=O)NCCCC[C@@H](C(=O)O)N
52	BRDT;BRD6	Q58F21;BRDT_HUMAN;A6NF68;B7Z811;B7Z890;B7ZAX7;D3DT32;O14789;Q05DQ4;Q6P5T1;Q7Z4A6;Q8IWI6	ENSP00000384051.1	Homo sapiens	K	AC_READER	H3K9	H3	9	TARKSTG	CC(=O)NCCCC[C@@H](C(=O)O)N
53	BRDT;BRD6	Q58F21;BRDT_HUMAN;A6NF68;B7Z811;B7Z890;B7ZAX7;D3DT32;O14789;Q05DQ4;Q6P5T1;Q7Z4A6;Q8IWI6	ENSP00000384051.1	Homo sapiens	K	AC_READER	H4K12	H4	12	GLGKGGA	CC(=O)NCCCC[C@@H](C(=O)O)N
54	BRDT;BRD6	Q58F21;BRDT_HUMAN;A6NF68;B7Z811;B7Z890;B7ZAX7;D3DT32;O14789;Q05DQ4;Q6P5T1;Q7Z4A6;Q8IWI6	ENSP00000384051.1	Homo sapiens	K	AC_READER	H4K16	H4	16	GGAKRHR	CC(=O)NCCCC[C@@H](C(=O)O)N
55	BRDT;BRD6	Q58F21;BRDT_HUMAN;A6NF68;B7Z811;B7Z890;B7ZAX7;D3DT32;O14789;Q05DQ4;Q6P5T1;Q7Z4A6;Q8IWI6	ENSP00000384051.1	Homo sapiens	K	AC_READER	H4K5	H4	5	GRGKGGK	CC(=O)NCCCC[C@@H](C(=O)O)N
56	BRDT;BRD6	Q58F21;BRDT_HUMAN;A6NF68;B7Z811;B7Z890;B7ZAX7;D3DT32;O14789;Q05DQ4;Q6P5T1;Q7Z4A6;Q8IWI6	ENSP00000384051.1	Homo sapiens	K	AC_READER	H4K8	H4	8	KGGKGLG	CC(=O)NCCCC[C@@H](C(=O)O)N
57	BRPF1;BR140;Peregrin	P55201;BRPF1_HUMAN;B4DEZ6;Q7Z6E0;Q8TCM6;Q9UHI0	ENSP00000410210.1	Homo sapiens	K	AC_READER	H2AK5	H2A	5	GRGKQGG	CC(=O)NCCCC[C@@H](C(=O)O)N
58	BRPF1;BR140;Peregrin	P55201;BRPF1_HUMAN;B4DEZ6;Q7Z6E0;Q8TCM6;Q9UHI0	ENSP00000410210.1	Homo sapiens	K	AC_READER	H3K14	H3	14	TGGKAPR	CC(=O)NCCCC[C@@H](C(=O)O)N
59	BRPF1;BR140;Peregrin	P55201;BRPF1_HUMAN;B4DEZ6;Q7Z6E0;Q8TCM6;Q9UHI0	ENSP00000410210.1	Homo sapiens	K	ME_READER	H3K36me3	H3	36	GGVKKPH	CNCCCC[C@@H](C(=O)O)N
60	BRPF1;BR140;Peregrin	P55201;BRPF1_HUMAN;B4DEZ6;Q7Z6E0;Q8TCM6;Q9UHI0	ENSP00000410210.1	Homo sapiens	K	AC_READER	H4K12	H4	12	GLGKGGA	CC(=O)NCCCC[C@@H](C(=O)O)N
61	BRPF1;BR140;Peregrin	P55201;BRPF1_HUMAN;B4DEZ6;Q7Z6E0;Q8TCM6;Q9UHI0	ENSP00000410210.1	Homo sapiens	K	AC_READER	H4K5	H4	5	GRGKGGK	CC(=O)NCCCC[C@@H](C(=O)O)N
62	BRPF1;BR140;Peregrin	P55201;BRPF1_HUMAN;B4DEZ6;Q7Z6E0;Q8TCM6;Q9UHI0	ENSP00000410210.1	Homo sapiens	K	AC_READER	H4K8	H4	8	KGGKGLG	CC(=O)NCCCC[C@@H](C(=O)O)N
63	BRPF3;KIAA1286	Q9ULD4;BRPF3_HUMAN;A6ND56;A6NJE2;B7ZLN5;E7EX85;Q17RB6;Q5R3K8	ENSP00000350267.6	Homo sapiens	K	AC_READER	H3K14	H3	14	TGGKAPR	CC(=O)NCCCC[C@@H](C(=O)O)N
64	BRWD1;C21orf107;WDR9	Q9NSI6;BRWD1_HUMAN;C9JK25;O43721;Q5R2V0;Q5R2V1;Q6P2D1;Q8TCV3;Q96QG9;Q96QH0;Q9NUK1	ENSP00000330753.2	Homo sapiens	K	AC_READER	H3K9	H3	9	TARKSTG	CC(=O)NCCCC[C@@H](C(=O)O)N
65	BRWD1;C21orf107;WDR9	Q9NSI6;BRWD1_HUMAN;C9JK25;O43721;Q5R2V0;Q5R2V1;Q6P2D1;Q8TCV3;Q96QG9;Q96QH0;Q9NUK1	ENSP00000330753.2	Homo sapiens	K	AC_READER	H4K16	H4	16	GGAKRHR	CC(=O)NCCCC[C@@H](C(=O)O)N
66	CBX1	P83916;CBX1_HUMAN;P23197	ENSP00000225603.4	Homo sapiens	K	ME_READER	H3K9me3	H3	9	TARKSTG	CNCCCC[C@@H](C(=O)O)N
67	CBX3	Q13185;CBX3_HUMAN;Q96CD7;Q99409;Q9BVS3;Q9P0Z6	ENSP00000379670.2	Homo sapiens	K	ME_READER	H1K26me2	H1	26	ARKSAGA	CNCCCC[C@@H](C(=O)O)N
68	CBX3	Q13185;CBX3_HUMAN;Q96CD7;Q99409;Q9BVS3;Q9P0Z6	ENSP00000379670.2	Homo sapiens	K	ME_READER	H3K9me3	H3	9	TARKSTG	CNCCCC[C@@H](C(=O)O)N
69	CBX4	O00257;CBX4_HUMAN;B1PJR7;Q6TPI8;Q96C04	ENSP00000269397.4	Homo sapiens	K	ME_READER	H3K9me3	H3	9	TARKSTG	CNCCCC[C@@H](C(=O)O)N
70	CBX5	P45973;CBX5_HUMAN;B2R8T9	ENSP00000449207.1	Homo sapiens	K	ME_READER	H3K9me3	H3	9	TARKSTG	CNCCCC[C@@H](C(=O)O)N
71	CBX6	O95503;CBX6_HUMAN;A8KAH0;Q96EM5	ENSP00000384490.3	Homo sapiens	K	ME_READER	H3K27me3	H3	27	AARKSAP	CNCCCC[C@@H](C(=O)O)N
72	CBX6	O95503;CBX6_HUMAN;A8KAH0;Q96EM5	ENSP00000384490.3	Homo sapiens	K	ME_READER	H3K9me3	H3	9	TARKSTG	CNCCCC[C@@H](C(=O)O)N
73	CBX7	O95931;CBX7_HUMAN;Q86T17	ENSP00000216133.5	Homo sapiens	K	ME_READER	H3K27me3	H3	27	AARKSAP	CNCCCC[C@@H](C(=O)O)N
74	CDYL;CDYL1	Q9Y232;CDYL1_HUMAN;A8K6D6;B4DLG4;Q0VDG7;Q32NC5;Q5VX99;Q6P7T5;Q9BWZ2;Q9Y424	ENSP00000330512.5	Homo sapiens	K	ME_READER	H3K27me3	H3	27	AARKSAP	CNCCCC[C@@H](C(=O)O)N
75	CDYL;CDYL1	Q9Y232;CDYL1_HUMAN;A8K6D6;B4DLG4;Q0VDG7;Q32NC5;Q5VX99;Q6P7T5;Q9BWZ2;Q9Y424	ENSP00000330512.5	Homo sapiens	K	ME_READER	H3K9me3	H3	9	TARKSTG	CNCCCC[C@@H](C(=O)O)N
76	CDYL2;2010cell	Q8N8U2;CDYL2_HUMAN;Q7Z5I8	ENSP00000476295.1	Homo sapiens	K	ME_READER	H3K27me3	H3	27	AARKSAP	CNCCCC[C@@H](C(=O)O)N
77	CDYL2;2010cell	Q8N8U2;CDYL2_HUMAN;Q7Z5I8	ENSP00000476295.1	Homo sapiens	K	ME_READER	H3K9me3	H3	9	TARKSTG	CNCCCC[C@@H](C(=O)O)N
78	CECR2;KIAA1740	Q9BXF3;CECR2_HUMAN;A8MS90;A8MX16;Q658Z4;Q96P58;Q9C0C3	ENSP00000341219.6	Homo sapiens	K	AC_READER	H3K14	H3	14	TGGKAPR	CC(=O)NCCCC[C@@H](C(=O)O)N
79	CECR2;KIAA1740	Q9BXF3;CECR2_HUMAN;A8MS90;A8MX16;Q658Z4;Q96P58;Q9C0C3	ENSP00000341219.6	Homo sapiens	K	AC_READER	H3K9	H3	9	TARKSTG	CC(=O)NCCCC[C@@H](C(=O)O)N
80	CHD1	O14646;CHD1_HUMAN;Q17RZ3	ENSP00000284049.3	Homo sapiens	K	ME_READER	H3K4me3	H3	4	ARTKQTA	CNCCCC[C@@H](C(=O)O)N
81	CHD4	Q14839;CHD4_HUMAN;Q8IXZ5	ENSP00000349508.2	Homo sapiens	K	ME_READER	H3K9me3	H3	9	TARKSTG	CNCCCC[C@@H](C(=O)O)N
82	CREBBP;CBP;KAT3A	Q92793;CBP_HUMAN;D3DUC9;O00147;Q16376;Q4LE28	ENSP00000371502.3	Homo sapiens	K	AC_READER	H2AK15	H2A	15	AKAKTRS	CC(=O)NCCCC[C@@H](C(=O)O)N
83	CREBBP;CBP;KAT3A	Q92793;CBP_HUMAN;D3DUC9;O00147;Q16376;Q4LE28	ENSP00000371502.3	Homo sapiens	K	AC_READER	H2BK85	H2B	85	HYNKRST	CC(=O)NCCCC[C@@H](C(=O)O)N
84	CREBBP;CBP;KAT3A	Q92793;CBP_HUMAN;D3DUC9;O00147;Q16376;Q4LE28	ENSP00000371502.3	Homo sapiens	K	AC_READER	H3K122	H3	122	IMPKDIQ	CC(=O)NCCCC[C@@H](C(=O)O)N
85	CREBBP;CBP;KAT3A	Q92793;CBP_HUMAN;D3DUC9;O00147;Q16376;Q4LE28	ENSP00000371502.3	Homo sapiens	K	AC_READER	H3K14	H3	14	TGGKAPR	CC(=O)NCCCC[C@@H](C(=O)O)N
86	CREBBP;CBP;KAT3A	Q92793;CBP_HUMAN;D3DUC9;O00147;Q16376;Q4LE28	ENSP00000371502.3	Homo sapiens	K	AC_READER	H3K27	H3	27	AARKSAP	CC(=O)NCCCC[C@@H](C(=O)O)N
87	CREBBP;CBP;KAT3A	Q92793;CBP_HUMAN;D3DUC9;O00147;Q16376;Q4LE28	ENSP00000371502.3	Homo sapiens	K	AC_READER	H3K36	H3	36	GGVKKPH	CC(=O)NCCCC[C@@H](C(=O)O)N
88	CREBBP;CBP;KAT3A	Q92793;CBP_HUMAN;D3DUC9;O00147;Q16376;Q4LE28	ENSP00000371502.3	Homo sapiens	K	AC_READER	H3K56	H3	56	RYQKSTE	CC(=O)NCCCC[C@@H](C(=O)O)N
89	CREBBP;CBP;KAT3A	Q92793;CBP_HUMAN;D3DUC9;O00147;Q16376;Q4LE28	ENSP00000371502.3	Homo sapiens	K	AC_READER	H3K9	H3	9	TARKSTG	CC(=O)NCCCC[C@@H](C(=O)O)N
90	CREBBP;CBP;KAT3A	Q92793;CBP_HUMAN;D3DUC9;O00147;Q16376;Q4LE28	ENSP00000371502.3	Homo sapiens	K	AC_READER	H4K12	H4	12	GLGKGGA	CC(=O)NCCCC[C@@H](C(=O)O)N
91	CREBBP;CBP;KAT3A	Q92793;CBP_HUMAN;D3DUC9;O00147;Q16376;Q4LE28	ENSP00000371502.3	Homo sapiens	K	AC_READER	H4K20	H4	20	RHRKVLR	CC(=O)NCCCC[C@@H](C(=O)O)N
92	CREBBP;CBP;KAT3A	Q92793;CBP_HUMAN;D3DUC9;O00147;Q16376;Q4LE28	ENSP00000371502.3	Homo sapiens	K	AC_READER	H4K44	H4	44	GGVKRIS	CC(=O)NCCCC[C@@H](C(=O)O)N
93	DNMT3A	Q9Y6K1;DNM3A_HUMAN;E9PEB8;Q86TE8;Q86XF5;Q8IZV0;Q8WXU9	ENSP00000324375.5	Homo sapiens	K	ME_READER	H3K36me3	H3	36	GGVKKPH	CNCCCC[C@@H](C(=O)O)N
94	DNMT3B	Q9UBC3;DNM3B_HUMAN;A2A2E2;B4DSM8;B4DSU1;E1P5M6;E1P5M7;E7EN63;E9PBF2;Q9UBD4;Q9UJQ5;Q9UKA6;Q9UNE5;Q9Y5R9;Q9Y5S0	ENSP00000328547.2	Homo sapiens	K	ME_READER	H3K36me3	H3	36	GGVKKPH	CNCCCC[C@@H](C(=O)O)N
95	DNMT3L	Q9UJW3;DNM3L_HUMAN;E9PB42;Q9BUJ4	ENSP00000486001.1	Homo sapiens	R	ME_READER	H3R4me0	H3	4	ARTKQTA	CN=C(N)NCCCC(C(=O)O)N
96	DNMT3L	Q9UJW3;DNM3L_HUMAN;E9PB42;Q9BUJ4	ENSP00000486001.1	Homo sapiens	R	ME_READER	H4R3me2	H4	3	MSGRGKG	CN=C(N)NCCCC(C(=O)O)N
97	DPF3;BAF45C;CERD4	Q92784;DPF3_HUMAN;A8MSI3;B7Z276;F5H575;Q32UJ0;Q6P9E6;Q6ZT41;Q9H7Y5	ENSP00000450518.1	Homo sapiens	K	AC_READER	H3K14	H3	14	TGGKAPR	CC(=O)NCCCC[C@@H](C(=O)O)N
98	DPF3;BAF45C;CERD4	Q92784;DPF3_HUMAN;A8MSI3;B7Z276;F5H575;Q32UJ0;Q6P9E6;Q6ZT41;Q9H7Y5	ENSP00000450518.1	Homo sapiens	K	AC_READER	H3K9	H3	9	TARKSTG	CC(=O)NCCCC[C@@H](C(=O)O)N
99	DPF3;BAF45C;CERD4	Q92784;DPF3_HUMAN;A8MSI3;B7Z276;F5H575;Q32UJ0;Q6P9E6;Q6ZT41;Q9H7Y5	ENSP00000450518.1	Homo sapiens	K	AC_READER	H4K12	H4	12	GLGKGGA	CC(=O)NCCCC[C@@H](C(=O)O)N
100	DPF3;BAF45C;CERD4	Q92784;DPF3_HUMAN;A8MSI3;B7Z276;F5H575;Q32UJ0;Q6P9E6;Q6ZT41;Q9H7Y5	ENSP00000450518.1	Homo sapiens	K	AC_READER	H4K16	H4	16	GGAKRHR	CC(=O)NCCCC[C@@H](C(=O)O)N
101	DPF3;BAF45C;CERD4	Q92784;DPF3_HUMAN;A8MSI3;B7Z276;F5H575;Q32UJ0;Q6P9E6;Q6ZT41;Q9H7Y5	ENSP00000450518.1	Homo sapiens	K	AC_READER	H4K5	H4	5	GRGKGGK	CC(=O)NCCCC[C@@H](C(=O)O)N
102	DPF3;BAF45C;CERD4	Q92784;DPF3_HUMAN;A8MSI3;B7Z276;F5H575;Q32UJ0;Q6P9E6;Q6ZT41;Q9H7Y5	ENSP00000450518.1	Homo sapiens	K	AC_READER	H4K8	H4	8	KGGKGLG	CC(=O)NCCCC[C@@H](C(=O)O)N
103	EED	O75530;EED_HUMAN;A8K7V5;O00149;Q6NTH2;Q7LDA5;Q7LDG8;Q86VV2;Q9UNY7	ENSP00000263360.6	Homo sapiens	K	ME_READER	H3K27me1	H3	27	AARKSAP	CNCCCC[C@@H](C(=O)O)N
104	EED	O75530;EED_HUMAN;A8K7V5;O00149;Q6NTH2;Q7LDA5;Q7LDG8;Q86VV2;Q9UNY7	ENSP00000263360.6	Homo sapiens	K	ME_READER	H3K27me2	H3	27	AARKSAP	CNCCCC[C@@H](C(=O)O)N
105	EED	O75530;EED_HUMAN;A8K7V5;O00149;Q6NTH2;Q7LDA5;Q7LDG8;Q86VV2;Q9UNY7	ENSP00000263360.6	Homo sapiens	K	ME_READER	H3K27me3	H3	27	AARKSAP	CNCCCC[C@@H](C(=O)O)N
106	EED	O75530;EED_HUMAN;A8K7V5;O00149;Q6NTH2;Q7LDA5;Q7LDG8;Q86VV2;Q9UNY7	ENSP00000263360.6	Homo sapiens	K	ME_READER	H3K9me1	H3	9	TARKSTG	CNCCCC[C@@H](C(=O)O)N
107	EED	O75530;EED_HUMAN;A8K7V5;O00149;Q6NTH2;Q7LDA5;Q7LDG8;Q86VV2;Q9UNY7	ENSP00000263360.6	Homo sapiens	K	ME_READER	H3K9me2	H3	9	TARKSTG	CNCCCC[C@@H](C(=O)O)N
108	EED	O75530;EED_HUMAN;A8K7V5;O00149;Q6NTH2;Q7LDA5;Q7LDG8;Q86VV2;Q9UNY7	ENSP00000263360.6	Homo sapiens	K	ME_READER	H3K9me3	H3	9	TARKSTG	CNCCCC[C@@H](C(=O)O)N
109	EHMT1;GLP;GLP1;KMT1D;FP13812;EUHMTASE1;Eu-HMTase1;bA188C12.1;GLP;KIAA1876	Q9H9B1;EHMT1_HUMAN;B1AQ58;B1AQ59;Q86X08;Q8TCN7;Q96F53;Q96JF1;Q96KH4	ENSP00000417980.1	Homo sapiens	K	ME_READER	H3K9me1	H3	9	TARKSTG	CNCCCC[C@@H](C(=O)O)N
110	EHMT1;GLP;GLP1;KMT1D;FP13812;EUHMTASE1;Eu-HMTase1;bA188C12.1;GLP;KIAA1876	Q9H9B1;EHMT1_HUMAN;B1AQ58;B1AQ59;Q86X08;Q8TCN7;Q96F53;Q96JF1;Q96KH4	ENSP00000417980.1	Homo sapiens	K	ME_READER	H3K9me2	H3	9	TARKSTG	CNCCCC[C@@H](C(=O)O)N
111	EHMT2;G9A;BAT8;GAT8;NG36;KMT1C;C6orf30;G9A;NG36	Q96KQ7;EHMT2_HUMAN;B0UZY2;Q14349;Q5JP83;Q5JQ92;Q5JQA1;Q5JQG3;Q6PK06;Q96MH5;Q96QD0;Q9UQL8;Q9Y331	ENSP00000382886.3	Homo sapiens	K	ME_READER	H3K9me1	H3	9	TARKSTG	CNCCCC[C@@H](C(=O)O)N
112	EHMT2;G9A;BAT8;GAT8;NG36;KMT1C;C6orf30;G9A;NG36	Q96KQ7;EHMT2_HUMAN;B0UZY2;Q14349;Q5JP83;Q5JQ92;Q5JQA1;Q5JQG3;Q6PK06;Q96MH5;Q96QD0;Q9UQL8;Q9Y331	ENSP00000382886.3	Homo sapiens	K	ME_READER	H3K9me2	H3	9	TARKSTG	CNCCCC[C@@H](C(=O)O)N
113	EP300;p300;KAT3B;P300	Q09472;EP300_HUMAN;B1AKC2	ENSP00000263253.7	Homo sapiens	K	AC_READER	H1K74	H1	74	DVEKNNS	CC(=O)NCCCC[C@@H](C(=O)O)N
114	EP300;p300;KAT3B;P300	Q09472;EP300_HUMAN;B1AKC2	ENSP00000263253.7	Homo sapiens	K	AC_READER	H2AK15	H2A	15	AKAKTRS	CC(=O)NCCCC[C@@H](C(=O)O)N
115	EP300;p300;KAT3B;P300	Q09472;EP300_HUMAN;B1AKC2	ENSP00000263253.7	Homo sapiens	K	AC_READER	H2AK36	H2A	36	LLRKGNY	CC(=O)NCCCC[C@@H](C(=O)O)N
116	EP300;p300;KAT3B;P300	Q09472;EP300_HUMAN;B1AKC2	ENSP00000263253.7	Homo sapiens	K	AC_READER	H2AK5	H2A	5	GRGKQGG	CC(=O)NCCCC[C@@H](C(=O)O)N
117	EP300;p300;KAT3B;P300	Q09472;EP300_HUMAN;B1AKC2	ENSP00000263253.7	Homo sapiens	K	AC_READER	H2BK43	H2B	43	YVYKVLK	CC(=O)NCCCC[C@@H](C(=O)O)N
118	EP300;p300;KAT3B;P300	Q09472;EP300_HUMAN;B1AKC2	ENSP00000263253.7	Homo sapiens	K	AC_READER	H2BK46	H2B	46	KVLKQVH	CC(=O)NCCCC[C@@H](C(=O)O)N
119	EP300;p300;KAT3B;P300	Q09472;EP300_HUMAN;B1AKC2	ENSP00000263253.7	Homo sapiens	K	AC_READER	H3K115	H3	115	IHAKRVT	CC(=O)NCCCC[C@@H](C(=O)O)N
120	EP300;p300;KAT3B;P300	Q09472;EP300_HUMAN;B1AKC2	ENSP00000263253.7	Homo sapiens	K	AC_READER	H3K122	H3	122	IMPKDIQ	CC(=O)NCCCC[C@@H](C(=O)O)N
121	EP300;p300;KAT3B;P300	Q09472;EP300_HUMAN;B1AKC2	ENSP00000263253.7	Homo sapiens	K	AC_READER	H3K36	H3	36	GGVKKPH	CC(=O)NCCCC[C@@H](C(=O)O)N
122	EP300;p300;KAT3B;P300	Q09472;EP300_HUMAN;B1AKC2	ENSP00000263253.7	Homo sapiens	K	AC_READER	H3K56	H3	56	RYQKSTE	CC(=O)NCCCC[C@@H](C(=O)O)N
123	EP300;p300;KAT3B;P300	Q09472;EP300_HUMAN;B1AKC2	ENSP00000263253.7	Homo sapiens	K	AC_READER	H3K79	H3	79	QDFKTDL	CC(=O)NCCCC[C@@H](C(=O)O)N
124	EP300;p300;KAT3B;P300	Q09472;EP300_HUMAN;B1AKC2	ENSP00000263253.7	Homo sapiens	K	AC_READER	H4K12	H4	12	GLGKGGA	CC(=O)NCCCC[C@@H](C(=O)O)N
125	EP300;p300;KAT3B;P300	Q09472;EP300_HUMAN;B1AKC2	ENSP00000263253.7	Homo sapiens	K	AC_READER	H4K20	H4	20	RHRKVLR	CC(=O)NCCCC[C@@H](C(=O)O)N
126	EP300;p300;KAT3B;P300	Q09472;EP300_HUMAN;B1AKC2	ENSP00000263253.7	Homo sapiens	K	AC_READER	H4K44	H4	44	GGVKRIS	CC(=O)NCCCC[C@@H](C(=O)O)N
127	EP300;p300;KAT3B;P300	Q09472;EP300_HUMAN;B1AKC2	ENSP00000263253.7	Homo sapiens	K	AC_READER	H4K5	H4	5	GRGKGGK	CC(=O)NCCCC[C@@H](C(=O)O)N
128	GLYR1;N-PAC;HIBDL;NP60	Q49A26;GLYR1_HUMAN;B4DL47;C9JJ40;C9JJ60;Q5U632;Q6P1Q2;Q6V3W7;Q9BTI1;Q9BXK2	ENSP00000322716.6	Homo sapiens	K	ME_READER	H3K36me3	H3	36	GGVKKPH	CNCCCC[C@@H](C(=O)O)N
129	HDGFRP2;HDGF2;UNQ785/PRO1604	Q7Z4V5;HDGR2_HUMAN;I3L080;K7EQZ6;Q96GI5;Q9BW08	ENSP00000483345.1	Homo sapiens	K	ME_READER	H3K79me3	H3	79	QDFKTDL	CNCCCC[C@@H](C(=O)O)N
130	HDGFRP2;HDGF2;UNQ785/PRO1604	Q7Z4V5;HDGR2_HUMAN;I3L080;K7EQZ6;Q96GI5;Q9BW08	ENSP00000483345.1	Homo sapiens	K	ME_READER	H4K20me3	H4	20	RHRKVLR	CNCCCC[C@@H](C(=O)O)N
131	ING1	Q9UK53;ING1_HUMAN;O00532;O43658;Q53ZR3;Q5T9G8;Q5T9G9;Q5T9H0;Q5T9H1;Q9H007;Q9HD98;Q9HD99;Q9NS83;Q9P0U6;Q9UBC6;Q9UIJ1;Q9UIJ2;Q9UIJ3;Q9UIJ4;Q9UK52	ENSP00000364929.3	Homo sapiens	K	ME_READER	H3K4me3	H3	4	ARTKQTA	CNCCCC[C@@H](C(=O)O)N
132	ING2	Q9H160;ING2_HUMAN;B6ZDS1;O95698	ENSP00000307183.3	Homo sapiens	K	ME_READER	H3K4me3	H3	4	ARTKQTA	CNCCCC[C@@H](C(=O)O)N
133	ING3;HSPC301	Q9NXR8;ING3_HUMAN;A8K790;O60394;Q567P3;Q6GMT3;Q7Z762;Q969G0;Q96DT4;Q9HC99;Q9P081	ENSP00000320566.5	Homo sapiens	K	ME_READER	H3K4me2	H3	4	ARTKQTA	CNCCCC[C@@H](C(=O)O)N
134	ING3;HSPC301	Q9NXR8;ING3_HUMAN;A8K790;O60394;Q567P3;Q6GMT3;Q7Z762;Q969G0;Q96DT4;Q9HC99;Q9P081	ENSP00000320566.5	Homo sapiens	K	ME_READER	H3K4me3	H3	4	ARTKQTA	CNCCCC[C@@H](C(=O)O)N
135	ING4;My036	Q9UNL4;ING4_HUMAN;A4KYM4;A4KYM6;D3DUR8;Q0EF62;Q0EF63;Q4VBQ6;Q96E15;Q9H3J0	ENSP00000380024.4	Homo sapiens	K	ME_READER	H3K4me3	H3	4	ARTKQTA	CNCCCC[C@@H](C(=O)O)N
136	ING5	Q8WYH8;ING5_HUMAN;A8K1P3;Q53NU6;Q57Z54;Q9BS30	ENSP00000322142.6	Homo sapiens	K	ME_READER	H3K4me3	H3	4	ARTKQTA	CNCCCC[C@@H](C(=O)O)N
137	KAT2A;GCN5;GCN5L2;HGCN5	Q92830;KAT2A_HUMAN;Q8N1A2;Q9UCW1	ENSP00000225916.5	Homo sapiens	K	AC_READER	H2AK5	H2A	5	GRGKQGG	CC(=O)NCCCC[C@@H](C(=O)O)N
138	KAT2A;GCN5;GCN5L2;HGCN5	Q92830;KAT2A_HUMAN;Q8N1A2;Q9UCW1	ENSP00000225916.5	Homo sapiens	K	AC_READER	H3K14	H3	14	TGGKAPR	CC(=O)NCCCC[C@@H](C(=O)O)N
139	KAT2A;GCN5;GCN5L2;HGCN5	Q92830;KAT2A_HUMAN;Q8N1A2;Q9UCW1	ENSP00000225916.5	Homo sapiens	K	AC_READER	H3K9	H3	9	TARKSTG	CC(=O)NCCCC[C@@H](C(=O)O)N
140	KAT2A;GCN5;GCN5L2;HGCN5	Q92830;KAT2A_HUMAN;Q8N1A2;Q9UCW1	ENSP00000225916.5	Homo sapiens	K	AC_READER	H4K12	H4	12	GLGKGGA	CC(=O)NCCCC[C@@H](C(=O)O)N
141	KAT2A;GCN5;GCN5L2;HGCN5	Q92830;KAT2A_HUMAN;Q8N1A2;Q9UCW1	ENSP00000225916.5	Homo sapiens	K	AC_READER	H4K16	H4	16	GGAKRHR	CC(=O)NCCCC[C@@H](C(=O)O)N
142	KAT2A;GCN5;GCN5L2;HGCN5	Q92830;KAT2A_HUMAN;Q8N1A2;Q9UCW1	ENSP00000225916.5	Homo sapiens	K	AC_READER	H4K5	H4	5	GRGKGGK	CC(=O)NCCCC[C@@H](C(=O)O)N
143	KAT2A;GCN5;GCN5L2;HGCN5	Q92830;KAT2A_HUMAN;Q8N1A2;Q9UCW1	ENSP00000225916.5	Homo sapiens	K	AC_READER	H4K8	H4	8	KGGKGLG	CC(=O)NCCCC[C@@H](C(=O)O)N
144	KAT2B;PCAF	Q92831;KAT2B_HUMAN;Q6NSK1	ENSP00000263754.4	Homo sapiens	K	AC_READER	H3K14	H3	14	TGGKAPR	CC(=O)NCCCC[C@@H](C(=O)O)N
145	KAT2B;PCAF	Q92831;KAT2B_HUMAN;Q6NSK1	ENSP00000263754.4	Homo sapiens	K	AC_READER	H3K36	H3	36	GGVKKPH	CC(=O)NCCCC[C@@H](C(=O)O)N
146	KAT2B;PCAF	Q92831;KAT2B_HUMAN;Q6NSK1	ENSP00000263754.4	Homo sapiens	K	AC_READER	H3K9	H3	9	TARKSTG	CC(=O)NCCCC[C@@H](C(=O)O)N
147	KAT2B;PCAF	Q92831;KAT2B_HUMAN;Q6NSK1	ENSP00000263754.4	Homo sapiens	K	AC_READER	H4K16	H4	16	GGAKRHR	CC(=O)NCCCC[C@@H](C(=O)O)N
148	KAT2B;PCAF	Q92831;KAT2B_HUMAN;Q6NSK1	ENSP00000263754.4	Homo sapiens	K	AC_READER	H4K20	H4	20	RHRKVLR	CC(=O)NCCCC[C@@H](C(=O)O)N
149	KAT2B;PCAF	Q92831;KAT2B_HUMAN;Q6NSK1	ENSP00000263754.4	Homo sapiens	K	AC_READER	H4K8	H4	8	KGGKGLG	CC(=O)NCCCC[C@@H](C(=O)O)N
150	KAT6A;MOZ;MYST3;RUNXBP2;ZNF220	Q92794;KAT6A_HUMAN;Q76L81	ENSP00000380136.3	Homo sapiens	K	AC_READER	H3K14	H3	14	TGGKAPR	CC(=O)NCCCC[C@@H](C(=O)O)N
151	KAT6A;MOZ;MYST3;RUNXBP2;ZNF220	Q92794;KAT6A_HUMAN;Q76L81	ENSP00000380136.3	Homo sapiens	K	AC_READER	H3K9	H3	9	TARKSTG	CC(=O)NCCCC[C@@H](C(=O)O)N
152	KAT6B;KIAA0383;MORF;MOZ2;MYST4	Q8WYB5;KAT6B_HUMAN;O15087;Q86Y05;Q8WU81;Q9UKW2;Q9UKW3;Q9UKX0	ENSP00000486595.1	Homo sapiens	K	AC_READER	H3K14	H3	14	TGGKAPR	CC(=O)NCCCC[C@@H](C(=O)O)N
153	KAT6B;KIAA0383;MORF;MOZ2;MYST4	Q8WYB5;KAT6B_HUMAN;O15087;Q86Y05;Q8WU81;Q9UKW2;Q9UKW3;Q9UKX0	ENSP00000486595.1	Homo sapiens	K	AC_READER	H3K9	H3	9	TARKSTG	CC(=O)NCCCC[C@@H](C(=O)O)N
154	KDM4A;JMJD2A;JHDM3A;JMJD2A;KIAA0677	O75164;KDM4A_HUMAN;Q5VVB1	ENSP00000361473.3	Homo sapiens	K	ME_READER	H3K4me3	H3	4	ARTKQTA	CNCCCC[C@@H](C(=O)O)N
155	KDM4A;JMJD2A;JHDM3A;JMJD2A;KIAA0677	O75164;KDM4A_HUMAN;Q5VVB1	ENSP00000361473.3	Homo sapiens	K	ME_READER	H4K20me3	H4	20	RHRKVLR	CNCCCC[C@@H](C(=O)O)N
156	KDM4C;JMJD2C;GASC1	Q9H3R0;KDM4C_HUMAN;B4E1Y4;B7ZL46;F5H347;F5H7P0;O94877;Q2M3M0;Q5JUC9;Q5VYJ2;Q5VYJ3	ENSP00000370710.3	Homo sapiens	K	ME_READER	H3K4me3	H3	4	ARTKQTA	CNCCCC[C@@H](C(=O)O)N
157	KDM5A;RBP2;JARID1A;RBBP2	P29375;KDM5A_HUMAN;A8MV76;Q4LE72;Q86XZ1	ENSP00000382688.2	Homo sapiens	K	ME_READER	H3K4me0	H3	4	ARTKQTA	CNCCCC[C@@H](C(=O)O)N
158	KDM5A;RBP2;JARID1A;RBBP2	P29375;KDM5A_HUMAN;A8MV76;Q4LE72;Q86XZ1	ENSP00000382688.2	Homo sapiens	K	ME_READER	H3K4me3	H3	4	ARTKQTA	CNCCCC[C@@H](C(=O)O)N
159	KDM5B;PLU-1;JARID1B;PLU1;RBBP2H1	Q9UGL1;KDM5B_HUMAN;O95811;Q15752;Q9Y3Q5	ENSP00000356234.3	Homo sapiens	K	ME_READER	H3K4me0	H3	4	ARTKQTA	CNCCCC[C@@H](C(=O)O)N
160	KDM5C;SMCX;JARID1C	P41229;KDM5C_HUMAN;B0QZ44;B4E3I2;F5H3T1;Q5JUX3;Q5JUX4;Q5JUX5;Q7Z5S5	ENSP00000364550.3	Homo sapiens	K	ME_READER	H3K4me2	H3	4	ARTKQTA	CNCCCC[C@@H](C(=O)O)N
161	KDM5C;SMCX;JARID1C	P41229;KDM5C_HUMAN;B0QZ44;B4E3I2;F5H3T1;Q5JUX3;Q5JUX4;Q5JUX5;Q7Z5S5	ENSP00000364550.3	Homo sapiens	K	ME_READER	H3K4me3	H3	4	ARTKQTA	CNCCCC[C@@H](C(=O)O)N
162	KDM7A;KIAA1718;JHDM1D	Q6ZMT4;KDM7A_HUMAN;A4D1S9;C9JJH9;C9JQU2;Q6MZL8;Q9C0E5	ENSP00000380692.2	Homo sapiens	K	ME_READER	H3K27me2	H3	27	AARKSAP	CNCCCC[C@@H](C(=O)O)N
163	KDM7A;KIAA1718;JHDM1D	Q6ZMT4;KDM7A_HUMAN;A4D1S9;C9JJH9;C9JQU2;Q6MZL8;Q9C0E5	ENSP00000380692.2	Homo sapiens	K	ME_READER	H3K4me3	H3	4	ARTKQTA	CNCCCC[C@@H](C(=O)O)N
164	KDM7A;KIAA1718;JHDM1D	Q6ZMT4;KDM7A_HUMAN;A4D1S9;C9JJH9;C9JQU2;Q6MZL8;Q9C0E5	ENSP00000380692.2	Homo sapiens	K	ME_READER	H3K9me2	H3	9	TARKSTG	CNCCCC[C@@H](C(=O)O)N
165	KDM7A;KIAA1718;JHDM1D	Q6ZMT4;KDM7A_HUMAN;A4D1S9;C9JJH9;C9JQU2;Q6MZL8;Q9C0E5	ENSP00000380692.2	Homo sapiens	K	ME_READER	H4K20me1	H4	20	RHRKVLR	CNCCCC[C@@H](C(=O)O)N
166	KDM7A;KIAA1718;JHDM1D	Q6ZMT4;KDM7A_HUMAN;A4D1S9;C9JJH9;C9JQU2;Q6MZL8;Q9C0E5	ENSP00000380692.2	Homo sapiens	K	ME_READER	H4K20me2	H4	20	RHRKVLR	CNCCCC[C@@H](C(=O)O)N
167	KDM7A;KIAA1718;JHDM1D	Q6ZMT4;KDM7A_HUMAN;A4D1S9;C9JJH9;C9JQU2;Q6MZL8;Q9C0E5	ENSP00000380692.2	Homo sapiens	K	ME_READER	H4K20me3	H4	20	RHRKVLR	CNCCCC[C@@H](C(=O)O)N
168	KMT2A;HRX;TRX1;CXXC7;ALL-1;MLL;MLL1;CXXC7;HTRX1;MLL1A;WDSTS;MLL/GAS7;TET1-MLL;ALL-1	Q03164;KMT2A_HUMAN;E9PQG7;Q13743;Q13744;Q14845;Q16364;Q59FF2;Q6UBD1;Q9HBJ3;Q9UD94;Q9UMA3	ENSP00000374157.5	Homo sapiens	K	ME_READER	H3K4me3	H3	4	ARTKQTA	CNCCCC[C@@H](C(=O)O)N
169	KMT2A;HRX;TRX1;CXXC7;ALL-1;MLL;MLL1;CXXC7;HTRX1;MLL1A;WDSTS;MLL/GAS7;TET1-MLL;ALL-1	Q03164;KMT2A_HUMAN;E9PQG7;Q13743;Q13744;Q14845;Q16364;Q59FF2;Q6UBD1;Q9HBJ3;Q9UD94;Q9UMA3	ENSP00000374157.5	Homo sapiens	K	AC_READER	H3K9	H3	9	TARKSTG	CC(=O)NCCCC[C@@H](C(=O)O)N
170	L3MBTL1;KIAA0681;L3MBTL	Q9Y468;LMBL1_HUMAN;B4DRC9;E1P5W7;Q5H8Y8;Q5H8Y9;Q8IUV7;Q9H1E6;Q9H1G5;Q9UG06;Q9UJB9;Q9Y4C9	ENSP00000362227.3	Homo sapiens	K	ME_READER	H4K20me1	H4	20	RHRKVLR	CNCCCC[C@@H](C(=O)O)N
171	L3MBTL1;KIAA0681;L3MBTL	Q9Y468;LMBL1_HUMAN;B4DRC9;E1P5W7;Q5H8Y8;Q5H8Y9;Q8IUV7;Q9H1E6;Q9H1G5;Q9UG06;Q9UJB9;Q9Y4C9	ENSP00000362227.3	Homo sapiens	K	ME_READER	H4K20me2	H4	20	RHRKVLR	CNCCCC[C@@H](C(=O)O)N
172	L3MBTL2	Q969R5;LMBL2_HUMAN;Q8TEN1;Q96SC4;Q9BQI2;Q9UGS4	ENSP00000216237.5	Homo sapiens	K	ME_READER	H4K20me1	H4	20	RHRKVLR	CNCCCC[C@@H](C(=O)O)N
173	L3MBTL2	Q969R5;LMBL2_HUMAN;Q8TEN1;Q96SC4;Q9BQI2;Q9UGS4	ENSP00000216237.5	Homo sapiens	K	ME_READER	H4K20me2	H4	20	RHRKVLR	CNCCCC[C@@H](C(=O)O)N
174	L3MBTL3	Q96JM7;LMBL3_HUMAN;Q4VXE1;Q5VUM9;Q6P9B5	ENSP00000431962.1	Homo sapiens	K	ME_READER	H4K20me1	H4	20	RHRKVLR	CNCCCC[C@@H](C(=O)O)N
175	L3MBTL3	Q96JM7;LMBL3_HUMAN;Q4VXE1;Q5VUM9;Q6P9B5	ENSP00000431962.1	Homo sapiens	K	ME_READER	H4K20me2	H4	20	RHRKVLR	CNCCCC[C@@H](C(=O)O)N
176	LRWD1;CENP33;ORCA	Q9UFC0;LRWD1_HUMAN;A8K4K2;B2R9G2;Q8N0T9;Q8WV43;Q96GJ2	ENSP00000292616.5	Homo sapiens	K	ME_READER	H3K9me3	H3	9	TARKSTG	CNCCCC[C@@H](C(=O)O)N
177	MBTD1	Q05BQ5;MBTD1_HUMAN;Q6ZVU7;Q9NXU1	ENSP00000403946.1	Homo sapiens	K	ME_READER	H4K20me1	H4	20	RHRKVLR	CNCCCC[C@@H](C(=O)O)N
178	MBTD1	Q05BQ5;MBTD1_HUMAN;Q6ZVU7;Q9NXU1	ENSP00000403946.1	Homo sapiens	K	ME_READER	H4K20me2	H4	20	RHRKVLR	CNCCCC[C@@H](C(=O)O)N
179	MLLT10;AF10	P55197;AF10_HUMAN;B1ANA8;Q5JT37;Q5VX90;Q66K63	ENSP00000366258.4	Homo sapiens	K	ME_READER	H3K27me0	H3	27	AARKSAP	CNCCCC[C@@H](C(=O)O)N
180	MORC3;KIAA0136;NXP2;ZCWCC3	Q14149;MORC3_HUMAN;A8KA92;Q9UEZ2	ENSP00000383333.1	Homo sapiens	K	ME_READER	H3K4me3	H3	4	ARTKQTA	CNCCCC[C@@H](C(=O)O)N
181	MORC4;ZCWCC2	Q8TE76;MORC4_HUMAN;A1YR23;A1YR24;H7BXF1;Q5JUK7;Q96MZ2;Q9HAI7	ENSP00000347821.4	Homo sapiens	K	ME_READER	H3K4me2	H3	4	ARTKQTA	CNCCCC[C@@H](C(=O)O)N
182	MORF4L1;MRG15;FWP006;HSPC008;HSPC061;PP368	Q9UBU8;MO4L1_HUMAN;B4DKN6;B7Z6R1;D3DW88;O95899;Q5QTS1;Q6NVX8;Q86YT7;Q9HBP6;Q9NSW5	ENSP00000331310.5	Homo sapiens	K	ME_READER	H3K36me2	H3	36	GGVKKPH	CNCCCC[C@@H](C(=O)O)N
183	MPHOSPH8;MPP8	Q99549;MPP8_HUMAN;B7Z6F9;Q5JPE5;Q5JTQ0;Q86TK3;Q96MK4;Q9BTP1	ENSP00000355388.4	Homo sapiens	K	ME_READER	H3K9me1	H3	9	TARKSTG	CNCCCC[C@@H](C(=O)O)N
184	MPHOSPH8;MPP8	Q99549;MPP8_HUMAN;B7Z6F9;Q5JPE5;Q5JTQ0;Q86TK3;Q96MK4;Q9BTP1	ENSP00000355388.4	Homo sapiens	K	ME_READER	H3K9me2	H3	9	TARKSTG	CNCCCC[C@@H](C(=O)O)N
185	MPHOSPH8;MPP8	Q99549;MPP8_HUMAN;B7Z6F9;Q5JPE5;Q5JTQ0;Q86TK3;Q96MK4;Q9BTP1	ENSP00000355388.4	Homo sapiens	K	ME_READER	H3K9me3	H3	9	TARKSTG	CNCCCC[C@@H](C(=O)O)N
186	MSH6;GTBP	P52701;MSH6_HUMAN;B4DF41;B4E3I4;F5H2F9;O43706;O43917;Q8TCX4;Q9BTB5	ENSP00000234420.4	Homo sapiens	K	ME_READER	H3K36me3	H3	36	GGVKKPH	CNCCCC[C@@H](C(=O)O)N
187	MSL3;MSL3L1	Q8N5Y2;MS3L1_HUMAN;A6NCU2;A6NHW8;A8K165;B4DUV8;B7Z227;Q9UG70;Q9Y5Z8	ENSP00000312244.4	Homo sapiens	K	ME_READER	H4K20me	H4	20	RHRKVLR	CNCCCC[C@@H](C(=O)O)N
188	MTF2;PCL2	Q9Y483;MTF2_HUMAN;A6NGQ9;A8K2Q3;B1AKT5;B1AKT6;Q9UES9;Q9UP40	ENSP00000359321.4	Homo sapiens	K	ME_READER	H3K36me2	H3	36	GGVKKPH	CNCCCC[C@@H](C(=O)O)N
189	MTF2;PCL2	Q9Y483;MTF2_HUMAN;A6NGQ9;A8K2Q3;B1AKT5;B1AKT6;Q9UES9;Q9UP40	ENSP00000359321.4	Homo sapiens	K	ME_READER	H3K36me3	H3	36	GGVKKPH	CNCCCC[C@@H](C(=O)O)N
190	NCAPD3;KIAA0056	P42695;CNDD3_HUMAN;A6NFS2;Q4KMQ9	ENSP00000433681.2	Homo sapiens	K	ME_READER	H4K20me1	H4	20	RHRKVLR	CNCCCC[C@@H](C(=O)O)N
191	NCAPG2;LUZP5	Q86XI2;CNDG2_HUMAN;A4D228;Q7Z3J9;Q8WUG8;Q9BRX6;Q9H8S2;Q9H9K6	ENSP00000386569.1	Homo sapiens	K	ME_READER	H4K20me1	H4	20	RHRKVLR	CNCCCC[C@@H](C(=O)O)N
192	ORC1	Q13415;ORC1_HUMAN;D3DQ34;Q13471;Q5T0F5	ENSP00000360621.1	Homo sapiens	K	ME_READER	H4K20me2	H4	20	RHRKVLR	CNCCCC[C@@H](C(=O)O)N
193	PBRM1;BAF180;PB1	Q86U86;PB1_HUMAN;A1L381;A1L382;A4FUJ7;Q1RMD1;Q1RMD2;Q96MS2;Q9H2T3;Q9H2T4;Q9H2T5;Q9H301;Q9H314	ENSP00000296302.7	Homo sapiens	K	AC_READER	H3K14	H3	14	TGGKAPR	CC(=O)NCCCC[C@@H](C(=O)O)N
194	PBRM1;BAF180;PB1	Q86U86;PB1_HUMAN;A1L381;A1L382;A4FUJ7;Q1RMD1;Q1RMD2;Q96MS2;Q9H2T3;Q9H2T4;Q9H2T5;Q9H301;Q9H314	ENSP00000296302.7	Homo sapiens	K	AC_READER	H3K18	H3	18	APRKQLA	CC(=O)NCCCC[C@@H](C(=O)O)N
195	PBRM1;BAF180;PB1	Q86U86;PB1_HUMAN;A1L381;A1L382;A4FUJ7;Q1RMD1;Q1RMD2;Q96MS2;Q9H2T3;Q9H2T4;Q9H2T5;Q9H301;Q9H314	ENSP00000296302.7	Homo sapiens	K	AC_READER	H3K23	H3	23	LATKAAR	CC(=O)NCCCC[C@@H](C(=O)O)N
196	PBRM1;BAF180;PB1	Q86U86;PB1_HUMAN;A1L381;A1L382;A4FUJ7;Q1RMD1;Q1RMD2;Q96MS2;Q9H2T3;Q9H2T4;Q9H2T5;Q9H301;Q9H314	ENSP00000296302.7	Homo sapiens	K	AC_READER	H3K4	H3	4	ARTKQTA	CC(=O)NCCCC[C@@H](C(=O)O)N
197	PBRM1;BAF180;PB1	Q86U86;PB1_HUMAN;A1L381;A1L382;A4FUJ7;Q1RMD1;Q1RMD2;Q96MS2;Q9H2T3;Q9H2T4;Q9H2T5;Q9H301;Q9H314	ENSP00000296302.7	Homo sapiens	K	AC_READER	H3K9	H3	9	TARKSTG	CC(=O)NCCCC[C@@H](C(=O)O)N
198	PHF1;PCL1	O43189;PHF1_HUMAN;B1AZX2;B1AZX3;O60929;Q5SU07;Q5SU08;Q96KM7	ENSP00000363640.3	Homo sapiens	K	ME_READER	H3K36me3	H3	36	GGVKKPH	CNCCCC[C@@H](C(=O)O)N
199	PHF19;PCL3	Q5T6S3;PHF19_HUMAN;Q32NF2;Q5T6S4;Q6N038;Q8TBL6;Q9UFS9	ENSP00000483946.1	Homo sapiens	K	ME_READER	H3K36me3	H3	36	GGVKKPH	CNCCCC[C@@H](C(=O)O)N
200	PHF2;CENP-35;KIAA0662	O75151;PHF2_HUMAN;Q4VXG0;Q8N3K2;Q9Y6N4	ENSP00000352185.4	Homo sapiens	K	ME_READER	H3K4me3	H3	4	ARTKQTA	CNCCCC[C@@H](C(=O)O)N
201	PHF20;C20orf104;GLEA2;HCA58;NZF;TZP	Q9BVI0;PHF20_HUMAN;A7E235;B2RB56;E1P5S3;Q566Q2;Q5JWY9;Q66K49;Q9BWV4;Q9BXA3;Q9BZW3;Q9H421;Q9H4J6;Q9NZ22	ENSP00000363124.3	Homo sapiens	K	ME_READER	H3K27me3	H3	27	AARKSAP	CNCCCC[C@@H](C(=O)O)N
202	PHF20;C20orf104;GLEA2;HCA58;NZF;TZP	Q9BVI0;PHF20_HUMAN;A7E235;B2RB56;E1P5S3;Q566Q2;Q5JWY9;Q66K49;Q9BWV4;Q9BXA3;Q9BZW3;Q9H421;Q9H4J6;Q9NZ22	ENSP00000363124.3	Homo sapiens	K	ME_READER	H3K36me2	H3	36	GGVKKPH	CNCCCC[C@@H](C(=O)O)N
203	PHF20;C20orf104;GLEA2;HCA58;NZF;TZP	Q9BVI0;PHF20_HUMAN;A7E235;B2RB56;E1P5S3;Q566Q2;Q5JWY9;Q66K49;Q9BWV4;Q9BXA3;Q9BZW3;Q9H421;Q9H4J6;Q9NZ22	ENSP00000363124.3	Homo sapiens	K	ME_READER	H3K79me2	H3	79	QDFKTDL	CNCCCC[C@@H](C(=O)O)N
204	PHF20;C20orf104;GLEA2;HCA58;NZF;TZP	Q9BVI0;PHF20_HUMAN;A7E235;B2RB56;E1P5S3;Q566Q2;Q5JWY9;Q66K49;Q9BWV4;Q9BXA3;Q9BZW3;Q9H421;Q9H4J6;Q9NZ22	ENSP00000363124.3	Homo sapiens	K	ME_READER	H3K9me2	H3	9	TARKSTG	CNCCCC[C@@H](C(=O)O)N
205	PHF20;C20orf104;GLEA2;HCA58;NZF;TZP	Q9BVI0;PHF20_HUMAN;A7E235;B2RB56;E1P5S3;Q566Q2;Q5JWY9;Q66K49;Q9BWV4;Q9BXA3;Q9BZW3;Q9H421;Q9H4J6;Q9NZ22	ENSP00000363124.3	Homo sapiens	K	ME_READER	H4K20me2	H4	20	RHRKVLR	CNCCCC[C@@H](C(=O)O)N
206	PHF21A;BHC80;KIAA1696;BM-006	Q96BD5;PF21A_HUMAN;D3DQP5;Q6AWA2;Q9C0G7;Q9H8V9;Q9HAK6;Q9NZE9	ENSP00000398824.2	Homo sapiens	K	ME_READER	H3K4me0	H3	4	ARTKQTA	CNCCCC[C@@H](C(=O)O)N
207	PHF23	Q9BUL5;PHF23_HUMAN;A1DZ74;B3KVH8;B4DLK6;D3DTN4;Q8IZK0;Q96HG7;Q9H5X0	ENSP00000322579.3	Homo sapiens	K	ME_READER	H3K4me3	H3	4	ARTKQTA	CNCCCC[C@@H](C(=O)O)N
208	PHF8;KIAA1111;ZNF422	Q9UPP1;PHF8_HUMAN;B3KMV4;B7Z911;Q5H9U5;Q5JPR9;Q5JPS0;Q5JPS2;Q5JPS3;Q5VUJ4;Q7Z6D4;Q9HAH2	ENSP00000350676.5	Homo sapiens	K	ME_READER	H3K4me2	H3	4	ARTKQTA	CNCCCC[C@@H](C(=O)O)N
209	PHF8;KIAA1111;ZNF422	Q9UPP1;PHF8_HUMAN;B3KMV4;B7Z911;Q5H9U5;Q5JPR9;Q5JPS0;Q5JPS2;Q5JPS3;Q5VUJ4;Q7Z6D4;Q9HAH2	ENSP00000350676.5	Homo sapiens	K	ME_READER	H3K4me3	H3	4	ARTKQTA	CNCCCC[C@@H](C(=O)O)N
210	PSIP1;DFS70;LEDGF;PSIP2	O75475;PSIP1_HUMAN;D3DRI9;O00256;O95368;Q6P391;Q86YB9;Q9NZI3;Q9UER6	ENSP00000370109.4	Homo sapiens	K	ME_READER	H3K36me3	H3	36	GGVKKPH	CNCCCC[C@@H](C(=O)O)N
211	Pygo1	Q9Y3Y4;PYGO1_HUMAN;A7Y2D6	ENSP00000302327.6	Homo sapiens	K	ME_READER	H3K4me2	H3	4	ARTKQTA	CNCCCC[C@@H](C(=O)O)N
212	Pygo1	Q9Y3Y4;PYGO1_HUMAN;A7Y2D6	ENSP00000302327.6	Homo sapiens	K	ME_READER	H3K4me3	H3	4	ARTKQTA	CNCCCC[C@@H](C(=O)O)N
213	Pygo2;PP7910	Q9BRQ0;PYGO2_HUMAN;Q8WYZ4;Q96CY2	ENSP00000357442.2	Homo sapiens	K	ME_READER	H3K4me2	H3	4	ARTKQTA	CNCCCC[C@@H](C(=O)O)N
214	Pygo2;PP7910	Q9BRQ0;PYGO2_HUMAN;Q8WYZ4;Q96CY2	ENSP00000357442.2	Homo sapiens	K	ME_READER	H3K4me3	H3	4	ARTKQTA	CNCCCC[C@@H](C(=O)O)N
215	RAG2	P55895;RAG2_HUMAN;A8K9E9;Q8TBL4	ENSP00000478672.1	Homo sapiens	K	ME_READER	H3K4me3	H3	4	ARTKQTA	CNCCCC[C@@H](C(=O)O)N
216	SCML2	Q9UQR0;SCML2_HUMAN;Q5JXE6;Q86U98;Q8IWD0;Q8NDP2;Q9UGC5	ENSP00000251900.4	Homo sapiens	K	ME_READER	H3K27me1	H3	27	AARKSAP	CNCCCC[C@@H](C(=O)O)N
217	SCML2	Q9UQR0;SCML2_HUMAN;Q5JXE6;Q86U98;Q8IWD0;Q8NDP2;Q9UGC5	ENSP00000251900.4	Homo sapiens	K	ME_READER	H3K27me2	H3	27	AARKSAP	CNCCCC[C@@H](C(=O)O)N
218	SCML2	Q9UQR0;SCML2_HUMAN;Q5JXE6;Q86U98;Q8IWD0;Q8NDP2;Q9UGC5	ENSP00000251900.4	Homo sapiens	K	ME_READER	H3K27me3	H3	27	AARKSAP	CNCCCC[C@@H](C(=O)O)N
219	SFMBT1;RU1	Q9UHJ3;SMBT1_HUMAN;Q402F7;Q96C73;Q9Y4Q9	ENSP00000378235.2	Homo sapiens	K	ME_READER	H3K4me2	H3	4	ARTKQTA	CNCCCC[C@@H](C(=O)O)N
220	SFMBT1;RU1	Q9UHJ3;SMBT1_HUMAN;Q402F7;Q96C73;Q9Y4Q9	ENSP00000378235.2	Homo sapiens	K	ME_READER	H3K4me3	H3	4	ARTKQTA	CNCCCC[C@@H](C(=O)O)N
221	SGF29;CCDC101	Q96ES7;SGF29_HUMAN;Q96MF5	ENSP00000316114.3	Homo sapiens	K	ME_READER	H3K4me2	H3	4	ARTKQTA	CNCCCC[C@@H](C(=O)O)N
222	SGF29;CCDC101	Q96ES7;SGF29_HUMAN;Q96MF5	ENSP00000316114.3	Homo sapiens	K	ME_READER	H3K4me3	H3	4	ARTKQTA	CNCCCC[C@@H](C(=O)O)N
223	SMARCA2;BAF190B;BRM;SNF2A;SNF2L2	P51531;SMCA2_HUMAN;B1ALG3;B1ALG4;D3DRH4;D3DRH5	ENSP00000371638.1	Homo sapiens	K	AC_READER	H3K14	H3	14	TGGKAPR	CC(=O)NCCCC[C@@H](C(=O)O)N
224	SMARCA2;BAF190B;BRM;SNF2A;SNF2L2	P51531;SMCA2_HUMAN;B1ALG3;B1ALG4;D3DRH4;D3DRH5	ENSP00000371638.1	Homo sapiens	K	AC_READER	H3K9	H3	9	TARKSTG	CC(=O)NCCCC[C@@H](C(=O)O)N
225	SMARCA2;BAF190B;BRM;SNF2A;SNF2L2	P51531;SMCA2_HUMAN;B1ALG3;B1ALG4;D3DRH4;D3DRH5	ENSP00000371638.1	Homo sapiens	K	AC_READER	H4K12	H4	12	GLGKGGA	CC(=O)NCCCC[C@@H](C(=O)O)N
226	SMARCA2;BAF190B;BRM;SNF2A;SNF2L2	P51531;SMCA2_HUMAN;B1ALG3;B1ALG4;D3DRH4;D3DRH5	ENSP00000371638.1	Homo sapiens	K	AC_READER	H4K16	H4	16	GGAKRHR	CC(=O)NCCCC[C@@H](C(=O)O)N
227	SMARCA2;BAF190B;BRM;SNF2A;SNF2L2	P51531;SMCA2_HUMAN;B1ALG3;B1ALG4;D3DRH4;D3DRH5	ENSP00000371638.1	Homo sapiens	K	AC_READER	H4K5	H4	5	GRGKGGK	CC(=O)NCCCC[C@@H](C(=O)O)N
228	SMARCA2;BAF190B;BRM;SNF2A;SNF2L2	P51531;SMCA2_HUMAN;B1ALG3;B1ALG4;D3DRH4;D3DRH5	ENSP00000371638.1	Homo sapiens	K	AC_READER	H4K8	H4	8	KGGKGLG	CC(=O)NCCCC[C@@H](C(=O)O)N
229	SMARCA4;BAF190A;BRG1;SNF2B;SNF2L4	P51532;SMCA4_HUMAN;B1A8Z4;B1A8Z5;B1A8Z6;B1A8Z7;E9PBR8;O95052;Q9HBD3	ENSP00000395654.1	Homo sapiens	K	AC_READER	H2BK5	H2B	5	EPAKSAP	CC(=O)NCCCC[C@@H](C(=O)O)N
230	SMARCA4;BAF190A;BRG1;SNF2B;SNF2L4	P51532;SMCA4_HUMAN;B1A8Z4;B1A8Z5;B1A8Z6;B1A8Z7;E9PBR8;O95052;Q9HBD3	ENSP00000395654.1	Homo sapiens	K	AC_READER	H3K14	H3	14	TGGKAPR	CC(=O)NCCCC[C@@H](C(=O)O)N
231	SMARCA4;BAF190A;BRG1;SNF2B;SNF2L4	P51532;SMCA4_HUMAN;B1A8Z4;B1A8Z5;B1A8Z6;B1A8Z7;E9PBR8;O95052;Q9HBD3	ENSP00000395654.1	Homo sapiens	K	AC_READER	H3K9	H3	9	TARKSTG	CC(=O)NCCCC[C@@H](C(=O)O)N
232	SMARCA4;BAF190A;BRG1;SNF2B;SNF2L4	P51532;SMCA4_HUMAN;B1A8Z4;B1A8Z5;B1A8Z6;B1A8Z7;E9PBR8;O95052;Q9HBD3	ENSP00000395654.1	Homo sapiens	K	AC_READER	H4K12	H4	12	GLGKGGA	CC(=O)NCCCC[C@@H](C(=O)O)N
233	SMARCA4;BAF190A;BRG1;SNF2B;SNF2L4	P51532;SMCA4_HUMAN;B1A8Z4;B1A8Z5;B1A8Z6;B1A8Z7;E9PBR8;O95052;Q9HBD3	ENSP00000395654.1	Homo sapiens	K	AC_READER	H4K16	H4	16	GGAKRHR	CC(=O)NCCCC[C@@H](C(=O)O)N
234	SMARCA4;BAF190A;BRG1;SNF2B;SNF2L4	P51532;SMCA4_HUMAN;B1A8Z4;B1A8Z5;B1A8Z6;B1A8Z7;E9PBR8;O95052;Q9HBD3	ENSP00000395654.1	Homo sapiens	K	AC_READER	H4K8	H4	8	KGGKGLG	CC(=O)NCCCC[C@@H](C(=O)O)N
235	SMN1;SMN;SMNT;SMN2;SMNC	Q16637;SMN_HUMAN;A8K0V4;Q13119;Q549U5;Q96J51	ENSP00000483819.1	Homo sapiens	R	ME_READER	H3R79me1	H3	79	QDFKTDL	CN=C(N)NCCCC(C(=O)O)N
236	SMN1;SMN;SMNT;SMN2;SMNC	Q16637;SMN_HUMAN;A8K0V4;Q13119;Q549U5;Q96J51	ENSP00000483819.1	Homo sapiens	R	ME_READER	H3R79me2	H3	79	QDFKTDL	CN=C(N)NCCCC(C(=O)O)N
237	SMN1;SMN;SMNT;SMN2;SMNC	Q16637;SMN_HUMAN;A8K0V4;Q13119;Q549U5;Q96J51	ENSP00000483819.1	Homo sapiens	R	ME_READER	H3R17me2a	H3	17	KAPRKQL	CN=C(N)NCCCC(C(=O)O)N
238	SMNDC1;SMNR;SPF30	O75940;SPF30_HUMAN;B2RA27;D3DRB1;Q5T3K6	ENSP00000358605.1	Homo sapiens	R	ME_READER	H3R17me2a	H3	17	KAPRKQL	CN=C(N)NCCCC(C(=O)O)N
239	SND1;TSN-p100/TDRD11	Q7KZF4;SND1_HUMAN;Q13122;Q96AG0	ENSP00000346762.3	Homo sapiens	R	ME_READER	H3R2me1	H3	2	MARTKQ	CN=C(N)NCCCC(C(=O)O)N
240	SND1;TSN-p100/TDRD11	Q7KZF4;SND1_HUMAN;Q13122;Q96AG0	ENSP00000346762.3	Homo sapiens	R	ME_READER	H3R2me2	H3	2	MARTKQ	CN=C(N)NCCCC(C(=O)O)N
241	SND1;TSN-p100/TDRD11	Q7KZF4;SND1_HUMAN;Q13122;Q96AG0	ENSP00000346762.3	Homo sapiens	R	ME_READER	H3R2me3	H3	2	MARTKQ	CN=C(N)NCCCC(C(=O)O)N
242	SND1;TSN-p100/TDRD11	Q7KZF4;SND1_HUMAN;Q13122;Q96AG0	ENSP00000346762.3	Homo sapiens	R	ME_READER	H4R3me1	H4	3	MSGRGKG	CN=C(N)NCCCC(C(=O)O)N
243	SND1;TSN-p100/TDRD11	Q7KZF4;SND1_HUMAN;Q13122;Q96AG0	ENSP00000346762.3	Homo sapiens	R	ME_READER	H4R3me2	H4	3	MSGRGKG	CN=C(N)NCCCC(C(=O)O)N
244	SND1;TSN-p100/TDRD11	Q7KZF4;SND1_HUMAN;Q13122;Q96AG0	ENSP00000346762.3	Homo sapiens	R	ME_READER	H4R3me3	H4	3	MSGRGKG	CN=C(N)NCCCC(C(=O)O)N
245	SPIN1;Spindlin1;OCR	Q9Y657;SPIN1_HUMAN;A8K0X6;B3KRQ4;Q7KZJ8;Q9GZT2;Q9H0N7	ENSP00000365019.3	Homo sapiens	R	ME_READER	H3R4me3	H3	4	ARTKQTA	CN=C(N)NCCCC(C(=O)O)N
246	SPIN1;Spindlin1;OCR	Q9Y657;SPIN1_HUMAN;A8K0X6;B3KRQ4;Q7KZJ8;Q9GZT2;Q9H0N7	ENSP00000365019.3	Homo sapiens	R	ME_READER	H3R8me2a	H3	8	QTARKST	CN=C(N)NCCCC(C(=O)O)N
247	SUV39H1;MG44;KMT1A;H3-K9-HMTase1;SUV39H	O43463;SUV91_HUMAN;B2R6E8;B4DST0;Q53G60;Q6FHK6	ENSP00000365877.3	Homo sapiens	K	ME_READER	H3K9me2	H3	9	TARKSTG	CNCCCC[C@@H](C(=O)O)N
248	SUV39H1;MG44;KMT1A;H3-K9-HMTase1;SUV39H	O43463;SUV91_HUMAN;B2R6E8;B4DST0;Q53G60;Q6FHK6	ENSP00000365877.3	Homo sapiens	K	ME_READER	H3K9me3	H3	9	TARKSTG	CNCCCC[C@@H](C(=O)O)N
249	TAF1;BA2R;CCG1;CCGS;TAF2A;TAFII250	P21675;TAF1_HUMAN;A5CVC8;A5CVC9;A5CVD0;A5CVD1;B1Q2X3;Q59FZ3;Q6IUZ1;Q70Q86;Q70Q87;Q70T00;Q70T01;Q70T02;Q70T03	ENSP00000362895.4	Homo sapiens	K	AC_READER	H3K14	H3	14	TGGKAPR	CC(=O)NCCCC[C@@H](C(=O)O)N
250	TAF1;BA2R;CCG1;CCGS;TAF2A;TAFII250	P21675;TAF1_HUMAN;A5CVC8;A5CVC9;A5CVD0;A5CVD1;B1Q2X3;Q59FZ3;Q6IUZ1;Q70Q86;Q70Q87;Q70T00;Q70T01;Q70T02;Q70T03	ENSP00000362895.4	Homo sapiens	K	AC_READER	H3K9	H3	9	TARKSTG	CC(=O)NCCCC[C@@H](C(=O)O)N
251	TAF1;BA2R;CCG1;CCGS;TAF2A;TAFII250	P21675;TAF1_HUMAN;A5CVC8;A5CVC9;A5CVD0;A5CVD1;B1Q2X3;Q59FZ3;Q6IUZ1;Q70Q86;Q70Q87;Q70T00;Q70T01;Q70T02;Q70T03	ENSP00000362895.4	Homo sapiens	K	AC_READER	H4K12	H4	12	GLGKGGA	CC(=O)NCCCC[C@@H](C(=O)O)N
252	TAF1;BA2R;CCG1;CCGS;TAF2A;TAFII250	P21675;TAF1_HUMAN;A5CVC8;A5CVC9;A5CVD0;A5CVD1;B1Q2X3;Q59FZ3;Q6IUZ1;Q70Q86;Q70Q87;Q70T00;Q70T01;Q70T02;Q70T03	ENSP00000362895.4	Homo sapiens	K	AC_READER	H4K16	H4	16	GGAKRHR	CC(=O)NCCCC[C@@H](C(=O)O)N
253	TAF1;BA2R;CCG1;CCGS;TAF2A;TAFII250	P21675;TAF1_HUMAN;A5CVC8;A5CVC9;A5CVD0;A5CVD1;B1Q2X3;Q59FZ3;Q6IUZ1;Q70Q86;Q70Q87;Q70T00;Q70T01;Q70T02;Q70T03	ENSP00000362895.4	Homo sapiens	K	AC_READER	H4K5	H4	5	GRGKGGK	CC(=O)NCCCC[C@@H](C(=O)O)N
254	TAF1;BA2R;CCG1;CCGS;TAF2A;TAFII250	P21675;TAF1_HUMAN;A5CVC8;A5CVC9;A5CVD0;A5CVD1;B1Q2X3;Q59FZ3;Q6IUZ1;Q70Q86;Q70Q87;Q70T00;Q70T01;Q70T02;Q70T03	ENSP00000362895.4	Homo sapiens	K	AC_READER	H4K8	H4	8	KGGKGLG	CC(=O)NCCCC[C@@H](C(=O)O)N
255	TAF1L;TAF(II)210	Q8IZX4;TAF1L_HUMAN;Q0VG57	ENSP00000418379.1	Homo sapiens	K	AC_READER	H3K14	H3	14	TGGKAPR	CC(=O)NCCCC[C@@H](C(=O)O)N
256	TAF1L;TAF(II)210	Q8IZX4;TAF1L_HUMAN;Q0VG57	ENSP00000418379.1	Homo sapiens	K	AC_READER	H3K23	H3	23	LATKAAR	CC(=O)NCCCC[C@@H](C(=O)O)N
257	TAF1L;TAF(II)210	Q8IZX4;TAF1L_HUMAN;Q0VG57	ENSP00000418379.1	Homo sapiens	K	AC_READER	H3K27	H3	27	AARKSAP	CC(=O)NCCCC[C@@H](C(=O)O)N
258	TAF1L;TAF(II)210	Q8IZX4;TAF1L_HUMAN;Q0VG57	ENSP00000418379.1	Homo sapiens	K	AC_READER	H3K4	H3	4	ARTKQTA	CC(=O)NCCCC[C@@H](C(=O)O)N
259	TAF1L;TAF(II)210	Q8IZX4;TAF1L_HUMAN;Q0VG57	ENSP00000418379.1	Homo sapiens	K	AC_READER	H3K9	H3	9	TARKSTG	CC(=O)NCCCC[C@@H](C(=O)O)N
260	TAF1L;TAF(II)210	Q8IZX4;TAF1L_HUMAN;Q0VG57	ENSP00000418379.1	Homo sapiens	K	AC_READER	H4K16	H4	16	GGAKRHR	CC(=O)NCCCC[C@@H](C(=O)O)N
261	TAF3	Q5VWG9;TAF3_HUMAN;Q05DA0;Q6GMS5;Q6P6B5;Q86VY6;Q9BQS9;Q9UFI8	ENSP00000340271.5	Homo sapiens	K	ME_READER	H3K4me3	H3	4	ARTKQTA	CNCCCC[C@@H](C(=O)O)N
262	TDRD3	Q9H7E2;TDRD3_HUMAN;B2MWP9;Q53XA6;Q6P992	ENSP00000440190.1	Homo sapiens	R	ME_READER	H3R17me2a	H3	17	KAPRKQL	CN=C(N)NCCCC(C(=O)O)N
263	TDRD3	Q9H7E2;TDRD3_HUMAN;B2MWP9;Q53XA6;Q6P992	ENSP00000440190.1	Homo sapiens	R	ME_READER	H4R3me2a	H4	3	MSGRGKG	CN=C(N)NCCCC(C(=O)O)N
264	TP53BP1	Q12888;TP53B_HUMAN;F8VY86;Q2M1Z7;Q4LE46;Q5FWZ3;Q7Z3U4	ENSP00000263801.3	Homo sapiens	K	ME_READER	H4K20me2	H4	20	RHRKVLR	CNCCCC[C@@H](C(=O)O)N
265	TRIM24;TIF1A;PTC6;RNF82;TIF1	O15164;TIF1A_HUMAN;A4D1R7;A4D1R8;O95854	ENSP00000340507.4	Homo sapiens	K	AC_READER	H3K27	H3	27	AARKSAP	CC(=O)NCCCC[C@@H](C(=O)O)N
266	TRIM24;TIF1A;PTC6;RNF82;TIF1	O15164;TIF1A_HUMAN;A4D1R7;A4D1R8;O95854	ENSP00000340507.4	Homo sapiens	K	ME_READER	H3K4me0	H3	4	ARTKQTA	CNCCCC[C@@H](C(=O)O)N
267	TRIM33;KIAA1113;RFG7;TIF1G;TRI33	Q9UPN9;TRI33_HUMAN;O95855;Q5TG72;Q5TG73;Q5TG74;Q9C017;Q9UJ79	ENSP00000351250.2	Homo sapiens	K	AC_READER	H3K14	H3	14	TGGKAPR	CC(=O)NCCCC[C@@H](C(=O)O)N
268	TRIM33;KIAA1113;RFG7;TIF1G;TRI33	Q9UPN9;TRI33_HUMAN;O95855;Q5TG72;Q5TG73;Q5TG74;Q9C017;Q9UJ79	ENSP00000351250.2	Homo sapiens	K	AC_READER	H3K18	H3	18	APRKQLA	CC(=O)NCCCC[C@@H](C(=O)O)N
269	TRIM33;KIAA1113;RFG7;TIF1G;TRI33	Q9UPN9;TRI33_HUMAN;O95855;Q5TG72;Q5TG73;Q5TG74;Q9C017;Q9UJ79	ENSP00000351250.2	Homo sapiens	K	AC_READER	H3K23	H3	23	LATKAAR	CC(=O)NCCCC[C@@H](C(=O)O)N
270	TRIM33;KIAA1113;RFG7;TIF1G;TRI33	Q9UPN9;TRI33_HUMAN;O95855;Q5TG72;Q5TG73;Q5TG74;Q9C017;Q9UJ79	ENSP00000351250.2	Homo sapiens	K	AC_READER	H3K9	H3	9	TARKSTG	CC(=O)NCCCC[C@@H](C(=O)O)N
271	UHRF1;ICBP90;NP95;RNF106	Q96T88;UHRF1_HUMAN;A0JBR2;A8K024;B2RBA9;Q2HIX7;Q8J022;Q9H6S6;Q9P115;Q9P1U7	ENSP00000478171.1	Homo sapiens	K	ME_READER	H3K4me0	H3	4	ARTKQTA	CNCCCC[C@@H](C(=O)O)N
272	UHRF1;ICBP90;NP95;RNF106	Q96T88;UHRF1_HUMAN;A0JBR2;A8K024;B2RBA9;Q2HIX7;Q8J022;Q9H6S6;Q9P115;Q9P1U7	ENSP00000478171.1	Homo sapiens	R	ME_READER	H3R4me0	H3	4	ARTKQTA	CN=C(N)NCCCC(C(=O)O)N
273	UHRF1;ICBP90;NP95;RNF106	Q96T88;UHRF1_HUMAN;A0JBR2;A8K024;B2RBA9;Q2HIX7;Q8J022;Q9H6S6;Q9P115;Q9P1U7	ENSP00000478171.1	Homo sapiens	K	ME_READER	H3K9me3	H3	9	TARKSTG	CNCCCC[C@@H](C(=O)O)N
274	UHRF1;ICBP90;NP95;RNF106	Q96T88;UHRF1_HUMAN;A0JBR2;A8K024;B2RBA9;Q2HIX7;Q8J022;Q9H6S6;Q9P115;Q9P1U7	ENSP00000478171.1	Homo sapiens	R	ME_READER	H3R9me3	H3	9	TARKSTG	CN=C(N)NCCCC(C(=O)O)N
275	UHRF1;ICBP90;NP95;RNF106	Q96T88;UHRF1_HUMAN;A0JBR2;A8K024;B2RBA9;Q2HIX7;Q8J022;Q9H6S6;Q9P115;Q9P1U7	ENSP00000478171.1	Homo sapiens	K	ME_READER	H3K2me0	H3	2	MARTKQ	CNCCCC[C@@H](C(=O)O)N
276	UHRF1;ICBP90;NP95;RNF106	Q96T88;UHRF1_HUMAN;A0JBR2;A8K024;B2RBA9;Q2HIX7;Q8J022;Q9H6S6;Q9P115;Q9P1U7	ENSP00000478171.1	Homo sapiens	R	ME_READER	H3R2me0	H3	2	MARTKQ	CN=C(N)NCCCC(C(=O)O)N
277	WDR5;BIG3	P61964;WDR5_HUMAN;Q91VA5;Q9NWX7;Q9UGP9	ENSP00000351446.3	Homo sapiens	K	ME_READER	H3K4me2	H3	4	ARTKQTA	CNCCCC[C@@H](C(=O)O)N
278	WDR5;BIG3	P61964;WDR5_HUMAN;Q91VA5;Q9NWX7;Q9UGP9	ENSP00000351446.3	Homo sapiens	R	ME_READER	H3R4me2	H3	4	ARTKQTA	CN=C(N)NCCCC(C(=O)O)N
279	WDR5;BIG3	P61964;WDR5_HUMAN;Q91VA5;Q9NWX7;Q9UGP9	ENSP00000351446.3	Homo sapiens	K	ME_READER	H3K4me3	H3	4	ARTKQTA	CNCCCC[C@@H](C(=O)O)N
280	WDR5;BIG3	P61964;WDR5_HUMAN;Q91VA5;Q9NWX7;Q9UGP9	ENSP00000351446.3	Homo sapiens	R	ME_READER	H3R4me3	H3	4	ARTKQTA	CN=C(N)NCCCC(C(=O)O)N
281	WDR5;BIG3	P61964;WDR5_HUMAN;Q91VA5;Q9NWX7;Q9UGP9	ENSP00000351446.3	Homo sapiens	K	ME_READER	H3K2me1	H3	2	MARTKQ	CNCCCC[C@@H](C(=O)O)N
282	WDR5;BIG3	P61964;WDR5_HUMAN;Q91VA5;Q9NWX7;Q9UGP9	ENSP00000351446.3	Homo sapiens	R	ME_READER	H3R2me1	H3	2	MARTKQ	CN=C(N)NCCCC(C(=O)O)N
283	WDR5;BIG3	P61964;WDR5_HUMAN;Q91VA5;Q9NWX7;Q9UGP9	ENSP00000351446.3	Homo sapiens	K	ME_READER	H3K2me2	H3	2	MARTKQ	CNCCCC[C@@H](C(=O)O)N
284	WDR5;BIG3	P61964;WDR5_HUMAN;Q91VA5;Q9NWX7;Q9UGP9	ENSP00000351446.3	Homo sapiens	R	ME_READER	H3R2me2	H3	2	MARTKQ	CN=C(N)NCCCC(C(=O)O)N
285	WDR5;BIG3	P61964;WDR5_HUMAN;Q91VA5;Q9NWX7;Q9UGP9	ENSP00000351446.3	Homo sapiens	K	ME_READER	H3K2me3	H3	2	MARTKQ	CNCCCC[C@@H](C(=O)O)N
286	WDR5;BIG3	P61964;WDR5_HUMAN;Q91VA5;Q9NWX7;Q9UGP9	ENSP00000351446.3	Homo sapiens	R	ME_READER	H3R2me3	H3	2	MARTKQ	CN=C(N)NCCCC(C(=O)O)N
287	WHSC1;NSD2;TRX5;MMSET;REIIBP;WHSC1KIAA1090;TRX5	O96028;NSD2_HUMAN;A2A2T2;A2A2T3;A2A2T4;A7MCZ1;D3DVQ2;O96031;Q4VBY8;Q672J1;Q6IS00;Q86V01;Q9BZB4;Q9UI92;Q9UPR2	ENSP00000372347.5	Homo sapiens	K	ME_READER	H3K36me2	H3	36	GGVKKPH	CNCCCC[C@@H](C(=O)O)N
288	WHSC1L1;NSD3;pp14328;DC28	Q9BZ95;NSD3_HUMAN;B7ZL11;D3DSX1;Q1RMD3;Q3B796;Q6ZSA5;Q9BYU8;Q9BYU9;Q9H2M8;Q9H9W9;Q9NXA6	ENSP00000313983.7	Homo sapiens	K	ME_READER	H3K36me2	H3	36	GGVKKPH	CNCCCC[C@@H](C(=O)O)N
289	ZCWPW1	Q9H0M4;ZCPW1_HUMAN;A8MVF5;B4DUQ2;Q8NA98;Q9BUD0;Q9NWF7	ENSP00000381109.2	Homo sapiens	K	ME_READER	H3K4me2	H3	4	ARTKQTA	CNCCCC[C@@H](C(=O)O)N
290	ZCWPW1	Q9H0M4;ZCPW1_HUMAN;A8MVF5;B4DUQ2;Q8NA98;Q9BUD0;Q9NWF7	ENSP00000381109.2	Homo sapiens	K	ME_READER	H3K4me3	H3	4	ARTKQTA	CNCCCC[C@@H](C(=O)O)N
291	ZCWPW2	Q504Y3;ZCPW2_HUMAN	ENSP00000373278.2	Homo sapiens	K	ME_READER	H3K4me3	H3	4	ARTKQTA	CNCCCC[C@@H](C(=O)O)N
292	ZMYND11;BRAM1;BS69	Q15326;ZMY11_HUMAN;B2R6G8;B7Z293;F6UH50;Q2LD45;Q2LD46;Q2LD47;Q2LD48;Q5VUI1;Q8N4B3	ENSP00000381053.3	Homo sapiens	K	ME_READER	H3K36me3	H3	36	GGVKKPH	CNCCCC[C@@H](C(=O)O)N
